{
    "component": [
        "Hardware",
        "Software",
        "Services"
    ],
    "technology": [
        "ATP",
        "PTC",
        "CBTC",
        "ATO",
        "Others"
    ],
    "deployment_mode": [
        "On-Premise",
        "Cloud",
        "Hybrid"
    ],
    "demand_type": [
        "New Installation",
        "Retrofitting / Upgrades"
    ],
    "application": [
        "Inside Station",
        "Outside Station"
    ],
    "end_user": [
        "High-speed Rail",
        "Mainline",
        "Urban Rail",
        "Freight Rail",
        "Industrial"
    ],
    "region": [
        "North America",
        "Europe",
        "Asia-Pacific",
        "Rest of the World"
    ]
}